{
    "mesh":{"triangles":[1,2,0,2,3,0,3,4,0,4,5,0,5,6,0,6,7,0,7,8,0,8,9,0,9,10,0,10,11,0,11,12,0,12,13,0,13,14,0,14,15,0,15,16,0,16,17,0,17,18,0,18,19,0,19,20,0,20,1,0,1,20,21,21,20,22,21,23,1,1,23,2,23,24,2,2,24,3,24,25,3,3,25,4,25,26,4,4,26,5,5,26,6,6,26,27,6,27,7,7,27,28,7,28,8,8,28,29,8,29,9,9,29,30,9,30,10,10,30,31,10,31,11,11,31,32,11,32,12,12,32,33,12,33,13,13,33,34,13,34,14,14,34,35,14,35,15,15,35,36,36,37,15,15,37,16,37,38,16,16,38,17,38,39,17,17,39,18,39,40,18,18,40,19,40,22,19,19,22,20,42,44,41,41,44,43,41,45,42,42,45,46,44,50,43,43,50,49,45,47,46,46,47,48,47,79,48,48,79,80,50,52,49,49,52,51,52,54,51,51,54,53,53,54,55,55,54,56,55,56,57,57,56,58,57,58,59,59,58,60,59,60,61,61,60,62,61,62,63,63,62,64,63,64,65,65,64,66,65,66,67,67,66,68,67,68,69,69,68,70,69,70,71,71,70,72,71,72,73,73,72,74,74,76,73,73,76,75,76,78,75,75,78,77,78,80,77,77,80,79,41,43,21,21,43,23,21,22,41,41,22,45,22,40,45,45,40,47,43,49,23,23,49,24,49,51,24,24,51,25,51,53,25,25,53,26,26,53,27,27,53,55,27,55,28,28,55,57,28,57,29,29,57,59,29,59,30,30,59,61,30,61,31,31,61,63,31,63,32,32,63,65,32,65,33,33,65,67,33,67,34,34,67,69,34,69,35,35,69,71,35,71,36,36,71,73,73,75,36,36,75,37,75,77,37,37,77,38,77,79,38,38,79,39,79,47,39,39,47,40,81,82,119,119,82,120,82,81,84,84,81,83,84,83,86,86,83,85,86,85,88,88,85,87,88,87,90,90,87,89,90,89,92,92,89,91,92,91,94,94,91,93,94,93,96,96,93,95,96,95,98,98,95,97,98,97,100,100,97,99,100,99,102,102,99,101,102,101,104,104,101,103,104,103,106,106,103,105,106,105,108,108,105,107,108,107,110,110,107,109,110,109,112,112,109,111,112,111,114,114,111,113,114,113,116,116,113,115,116,115,118,118,115,117,118,117,120,120,117,119,82,84,42,42,84,44,84,86,44,44,86,50,86,88,50,50,88,52,88,90,52,52,90,54,92,56,90,90,56,54,94,58,92,92,58,56,96,60,94,94,60,58,98,62,96,96,62,60,100,64,98,98,64,62,102,66,100,100,66,64,104,68,102,102,68,66,106,70,104,104,70,68,108,72,106,106,72,70,110,74,108,108,74,72,110,112,74,74,112,76,112,114,76,76,114,78,114,116,78,78,116,80,116,118,80,80,118,48,118,120,48,48,120,46,120,82,46,46,82,42],"vertPositions":[0.0,191.05477905273438,5.271503448486328,25.095443725585939,189.70166015625,-3.496384620666504,21.34747314453125,191.3253631591797,-10.670753479003907,15.509847640991211,192.61395263671876,-16.3643798828125,8.154012680053711,193.44126892089845,-20.019908905029298,0.0000024116930035233965,193.72634887695313,-21.27952003479004,-8.154003143310547,193.44126892089845,-20.019908905029298,-15.509833335876465,192.61395263671876,-16.364377975463868,-21.347454071044923,191.3253631591797,-10.670753479003907,-25.09543800354004,189.70166015625,-3.4963579177856447,-26.386905670166017,187.90176391601563,4.456516265869141,-25.09543800354004,186.10186767578126,12.409381866455079,-21.347457885742189,184.47816467285157,19.583770751953126,-15.509835243225098,183.1895751953125,25.277395248413087,-8.154004096984864,182.3622589111328,28.932924270629884,-0.000004164161055086879,182.07717895507813,30.192533493041993,8.153993606567383,182.3622589111328,28.93292236328125,15.509824752807618,183.1895751953125,25.27739143371582,21.347442626953126,184.47816467285157,19.583768844604493,25.095422744750978,186.10186767578126,12.409378051757813,26.38689613342285,187.90176391601563,4.456491947174072,37.64183807373047,192.98638916015626,-6.688286781311035,39.57894515991211,190.28665161132813,5.240600109100342,32.02006530761719,195.42185974121095,-17.44947624206543,23.263938903808595,197.35467529296876,-25.9896183013916,12.230579376220704,198.59561157226563,-31.472719192504884,0.0000012057258800268756,199.02320861816407,-33.362064361572269,-12.230574607849121,198.59561157226563,-31.472719192504884,-23.26392936706543,197.35467529296876,-25.989614486694337,-32.02005386352539,195.42185974121095,-17.449474334716798,-37.64182662963867,192.98638916015626,-6.6882710456848148,-39.578948974609378,190.28663635253907,5.240612983703613,-37.64182662963867,187.58682250976563,17.169477462768556,-32.02005386352539,185.15135192871095,27.930673599243165,-23.263925552368165,183.21853637695313,36.4708137512207,-12.230570793151856,181.97760009765626,41.953914642333987,-0.000002868260708055459,181.5500030517578,43.84326171875,12.23056411743164,181.97760009765626,41.95391082763672,23.263917922973634,183.21853637695313,36.470802307128909,32.02003479003906,185.15135192871095,27.9306697845459,37.641807556152347,187.58682250976563,17.16947364807129,43.914405822753909,189.19866943359376,-9.529999732971192,50.18572235107422,181.52346801757813,-13.26293659210205,37.35582733154297,192.0400848388672,-22.084400177001954,42.69052505493164,184.77053833007813,-27.610233306884767,46.174312591552737,186.04904174804688,4.386695861816406,52.76835632324219,177.92391967773438,2.6411314010620119,43.91437911987305,182.89926147460938,18.303342819213868,50.185691833496097,174.3243865966797,18.545190811157228,27.140600204467775,194.2949676513672,-32.04765701293945,31.0164794921875,187.3477020263672,-38.99625778198242,14.268655776977539,195.74269104003907,-38.444461822509769,16.306325912475587,189.00216674804688,-46.30657196044922,6.028025723026076e-7,196.24154663085938,-40.648643493652347,0.0,189.572265625,-48.825531005859378,-14.268654823303223,195.74269104003907,-38.444461822509769,-16.306325912475587,189.00216674804688,-46.30656814575195,-27.140588760375978,194.2949676513672,-32.04765319824219,-31.0164737701416,187.3477020263672,-38.99625778198242,-37.35581970214844,192.0400848388672,-22.084394454956056,-42.69051742553711,184.77053833007813,-27.6102237701416,-43.91439437866211,189.19866943359376,-9.529990196228028,-50.18570327758789,181.52345275878907,-13.262930870056153,-46.174320220947269,186.04904174804688,4.386701583862305,-52.768367767333987,177.92391967773438,2.6411309242248537,-43.91439437866211,182.89926147460938,18.3033447265625,-50.18570327758789,174.3243865966797,18.545194625854493,-37.35581588745117,180.05795288085938,30.857770919799806,-42.690513610839847,171.07716369628907,32.892452239990237,-27.140583038330079,177.80307006835938,40.821014404296878,-31.016468048095704,168.50025939941407,44.27852249145508,-14.26865005493164,176.35519409179688,47.2177734375,-16.30632209777832,166.8456268310547,51.588802337646487,-0.0000022203753360372504,175.85633850097657,49.421958923339847,-0.0000015726195670140442,166.27554321289063,54.10776138305664,14.268645286560059,176.35519409179688,47.2177734375,16.306318283081056,166.8456268310547,51.58879852294922,27.140575408935548,177.80307006835938,40.821014404296878,31.016462326049806,168.50025939941407,44.27852249145508,37.35580062866211,180.05795288085938,30.85776710510254,42.69049835205078,171.07716369628907,32.892452239990237,43.981937408447269,151.14479064941407,-17.8748722076416,47.22883605957031,157.4878692626953,-17.52069664001465,37.41328811645508,153.99046325683595,-30.448572158813478,40.17525100708008,160.5437774658203,-31.02263069152832,27.182344436645509,156.24903869628907,-40.42709732055664,29.189023971557618,162.96885681152345,-41.73786163330078,14.29061222076416,157.69898986816407,-46.83373260498047,15.345576286315918,164.5260772705078,-48.617408752441409,0.000006981278602324892,158.1986083984375,-49.04130554199219,1.9641229087596913e-8,165.0625762939453,-50.98795700073242,-14.29060173034668,157.69898986816407,-46.83373260498047,-15.34557819366455,164.5260772705078,-48.61740493774414,-27.18231773376465,156.24903869628907,-40.42709732055664,-29.18901824951172,162.96885681152345,-41.73786163330078,-37.41326141357422,153.99046325683595,-30.44856834411621,-40.17524337768555,160.5437774658203,-31.02262306213379,-43.98188400268555,151.144775390625,-17.87484359741211,-47.22882080078125,157.4878692626953,-17.52069091796875,-46.24531555175781,147.9901885986328,-3.9367713928222658,-49.65931701660156,154.10037231445313,-2.553690195083618,-43.98188400268555,144.83554077148438,10.001288414001465,-47.22882080078125,150.7128143310547,12.413314819335938,-37.41326141357422,141.98971557617188,22.574970245361329,-40.17523956298828,147.65692138671876,25.915241241455079,