{
    "mesh":{"triangles":[25,24,3,24,1,3,3,1,2,2,1,0,1,44,0,44,45,0,45,23,0,23,22,0,2,5,3,3,5,4,5,7,4,4,7,6,7,9,6,6,9,8,8,9,10,10,9,11,11,13,10,10,13,12,12,13,14,14,13,15,15,17,14,14,17,16,16,17,18,18,17,19,18,19,20,20,19,21,20,21,23,23,21,22,24,25,27,27,25,26,27,26,29,29,26,28,29,28,31,31,28,30,30,32,31,31,32,33,33,32,35,35,32,34,34,36,35,35,36,37,37,36,39,39,36,38,38,40,39,39,40,41,40,42,41,41,42,43,43,42,44,44,42,45,3,4,25,25,4,26,4,6,26,26,6,28,6,8,28,28,8,30,8,10,30,30,10,32,10,12,32,32,12,34,12,14,34,34,14,36,16,38,14,14,38,36,18,40,16,16,40,38,20,42,18,18,42,40,23,45,20,20,45,42,5,2,0,7,5,0,9,7,0,11,9,0,13,11,0,15,13,0,17,15,0,19,17,0,21,19,0,22,21,0,24,27,1,27,29,1,29,31,1,31,33,1,33,35,1,35,37,1,37,39,1,39,41,1,41,43,1,43,44,1],"vertPositions":[0.0,144.46139526367188,12.11111831665039,0.0,151.87960815429688,13.892230987548829,-43.72628402709961,144.46139526367188,12.11111831665039,-45.64638137817383,146.31228637695313,12.55551528930664,-43.41229248046875,142.42739868164063,28.978717803955079,-41.560142517089847,140.69400024414063,28.04129409790039,-36.9286994934082,138.92288208007813,43.794315338134769,-35.28911209106445,137.30462646484376,42.37333297729492,-26.830272674560548,136.14154052734376,55.552005767822269,-25.573211669921876,134.62905883789063,53.6868782043457,-15.223611831665039,134.51522827148438,62.42692947387695,-14.435026168823243,133.068603515625,60.28474044799805,-0.0000013603678326035152,133.42373657226563,67.04225158691406,-0.000001398660970153287,132.03366088867188,64.66099548339844,15.223605155944825,134.51556396484376,62.426998138427737,14.434884071350098,133.0687255859375,60.28445053100586,26.830265045166017,136.1422119140625,55.55217361450195,25.572742462158204,134.62918090820313,53.686344146728519,36.92869186401367,138.92367553710938,43.794498443603519,35.28840637207031,137.30474853515626,42.372928619384769,43.412296295166019,142.42822265625,28.978923797607423,41.55931854248047,140.69406127929688,28.041072845458986,43.72628402709961,144.46139526367188,12.11111831665039,45.646385192871097,146.31228637695313,12.55551528930664,-43.72542190551758,151.87960815429688,13.892230987548829,-45.64638137817383,150.02786254882813,13.447628021240235,-43.41229248046875,146.14382934570313,29.871036529541017,-41.55848693847656,148.11233520507813,29.821979522705079,-36.9286994934082,142.63909912109376,44.686588287353519,-35.28621292114258,144.72308349609376,44.15272903442383,-26.830272674560548,139.85763549804688,56.44426345825195,-25.569990158081056,142.0479736328125,55.464359283447269,-15.223611831665039,138.23098754882813,63.319095611572269,-14.432586669921875,140.4879150390625,62.06059646606445,-0.0000013603678326035152,137.13916015625,67.934326171875,-0.000001699952917988412,139.45318603515626,66.43576049804688,15.223605155944825,138.23068237304688,63.31901931762695,14.432446479797364,140.48797607421876,62.060306549072269,26.830265045166017,139.85699462890626,56.444095611572269,25.569522857666017,142.04806518554688,55.46382522583008,36.92869186401367,142.63833618164063,44.686405181884769,35.28550720214844,144.72320556640626,44.15231704711914,43.412296295166019,146.14297485351563,29.870838165283204,41.55766296386719,148.11233520507813,29.82175064086914,43.72542953491211,151.87960815429688,13.892230987548829,45.646385192871097,150.02786254882813,13.447628021240235]},
    "influences": [{
            "pivot": [-0.0000030670089182037768, 67.86723471657347, 4.0389678347315773e-28],
            "path": "|Root|Hip|Spine",
            "index": 2,
            "labelText": "",
            "labelSide": 0
        }, {
            "pivot": [-0.0000037667826272934016, 93.35234476419869, 1.355633055110457e-21],
            "path": "|Root|Hip|Spine|Neck",
            "index": 3,
            "labelText": "",
            "labelSide": 0
        }, {
            "pivot": [-0.0000037667826272934029, 141.2828816690337, 1.0097419586828946e-28],
            "path": "|Root|Hip|Spine|Neck|Head",
            "index": 4,
            "labelText": "",
            "labelSide": 0
        }, {
            "pivot": [-0.000003842620469260689, 189.89522319445846, -2.3849830627441395],
            "path": "|Root|Hip|Spine|Neck|Head|HeadTop_End",
            "index": 5,
            "labelText": "",
            "labelSide": 0
        }, {
            "pivot": [-3.92573, 90.78180000000003, 0.6102520000000002],
            "path": "|Root|Hip|Spine|Neck|RightShoulder",
            "index": 6,
            "labelText": "",
            "labelSide": 0
        }, {
            "pivot": [3.9257200000000016, 90.78179999999999, 0.6102520000000011],
            "path": "|Root|Hip|Spine|Neck|LeftShoulder",
            "index": 11,
            "labelText": "",
            "labelSide": 0
        }],
    "layers": [{
            "id": 1,
            "name": "Base weights",
            "enabled": true,
            "opacity": 1.0,
            "index": 0,
            "paintTarget": null,
            "paintTargets": [],
            "parentId": null,
            "children": [],
            "effects": {
                "mirrorMask": false,
                "mirrorWeights": false,
                "mirrorDq": false,
                "mirrorDirection": 1
            },
            "influences": {
                "4": [1.0, 1.0, 1.0, 1.0, 1.0, 1.0, 1.0, 1.0, 1.0, 1.0, 1.0, 1.0, 1.0, 1.0, 1.0, 1.0, 1.0, 1.0, 1.0, 1.0, 1.0, 1.0, 1.0, 1.0, 1.0, 1.0, 1.0, 1.0, 1.0, 1.0, 1.0, 1.0, 1.0, 1.0, 1.0, 1.0, 1.0, 1.0, 1.0, 1.0, 1.0, 1.0, 1.0, 1.0, 0.9999999999999999, 1.0]
            }
        }]
}