{
    "mesh":{"triangles":[7,17,6,6,17,16,7,6,8,8,6,9,8,9,35,35,9,34,10,11,14,14,11,15,10,12,11,11,12,13,12,38,13,13,38,39,15,18,14,14,18,19,16,17,30,30,17,31,19,18,25,25,18,24,20,21,58,58,21,59,21,20,22,22,20,23,23,45,22,22,45,44,24,42,25,25,42,43,27,55,26,26,55,54,26,29,27,27,29,28,28,29,48,48,29,49,31,32,30,30,32,33,33,32,47,47,32,46,34,37,35,35,37,36,37,51,36,36,51,50,39,38,41,41,38,40,41,40,52,52,40,53,43,42,45,45,42,44,46,48,47,47,48,49,50,51,56,56,51,57,53,61,52,52,61,60,54,55,62,62,55,63,57,64,56,56,64,65,59,72,58,58,72,73,60,61,78,78,61,77,63,66,62,62,66,68,65,64,71,71,64,69,66,76,67,67,76,75,68,67,69,69,67,70,70,80,71,71,80,79,73,72,76,76,72,74,74,81,75,75,81,80,77,79,78,78,79,81,7,8,10,10,8,12,13,4,11,11,4,15,19,25,31,31,25,32,16,5,6,6,5,9,70,67,80,80,67,75,17,7,14,14,7,10,15,4,18,18,4,24,20,27,23,23,27,28,33,5,30,30,5,16,17,14,31,31,14,19,38,35,40,40,35,36,39,41,0,0,41,2,42,0,44,44,0,2,46,43,48,48,43,45,3,1,49,49,1,47,34,1,37,37,1,3,40,36,53,53,36,50,41,52,2,2,52,21,44,2,22,22,2,21,48,45,28,28,45,23,26,3,29,29,3,49,37,3,51,51,3,26,12,8,38,38,8,35,4,13,0,0,13,39,4,0,24,24,0,42,32,25,46,46,25,43,47,1,33,33,1,5,5,1,9,9,1,34,51,26,57,57,26,54,27,20,55,55,20,58,52,60,21,21,60,59,53,50,61,61,50,56,57,54,64,64,54,62,55,58,63,63,58,73,60,78,59,59,78,72,61,56,77,77,56,65,64,62,69,69,62,68,77,65,79,79,65,71,78,81,72,72,81,74,63,73,66,66,73,76,66,67,68,69,70,71,74,75,76,79,80,81],"vertPositions":[134.75326538085938,94.46289825439453,-6.0654096603393559,134.75326538085938,87.12088775634766,-6.0654096603393559,134.75326538085938,94.46289825439453,3.0340652465820314,134.75326538085938,87.12088775634766,3.0340652465820314,134.75326538085938,94.46289825439453,-15.16488265991211,134.75326538085938,87.12088775634766,-15.16488265991211,120.11461639404297,87.12088775634766,-18.509723663330079,118.7876968383789,89.30506896972656,-20.437732696533204,114.49746704101563,89.30506134033203,-14.173014640808106,116.68164825439453,87.12088775634766,-13.496807098388672,118.7876968383789,92.27870178222656,-20.437732696533204,120.11460876464844,94.46289825439453,-18.509723663330079,114.49746704101563,92.2787094116211,-14.173014640808106,116.681640625,94.46289825439453,-13.496807098388672,134.75326538085938,92.2787094116211,-24.264358520507814,134.70343017578126,94.46289825439453,-22.006372451782228,134.70343017578126,87.12088775634766,-22.006372451782228,134.7532501220703,89.30506134033203,-24.264358520507814,149.44400024414063,94.46289825439453,-17.777774810791017,150.70684814453126,92.2787094116211,-19.687786102294923,134.75326538085938,92.2787094116211,12.133539199829102,133.54910278320313,94.46289825439453,10.086366653442383,153.88174438476563,94.46289825439453,7.4683837890625,154.95260620117188,92.27871704101563,9.532716751098633,154.30105590820313,94.462890625,-11.793388366699219,156.13058471679688,92.2787094116211,-13.005179405212403,133.54910278320313,87.12088775634766,10.086366653442383,134.7532501220703,89.30506134033203,12.133539199829102,154.9525909423828,89.30506134033203,9.532716751098633,153.88174438476563,87.1208724975586,7.4683837890625,149.44398498535157,87.12088012695313,-17.77777671813965,150.7068328857422,89.30506134033203,-19.687786102294923,156.1305694580078,89.30506134033203,-13.005179405212403,154.30105590820313,87.12088012695313,-11.793391227722168,116.68025970458985,87.12088012695313,-6.978168487548828,114.49746704101563,89.30646514892578,-7.088408470153809,114.49746704101563,89.30506134033203,-0.0038061141967773439,116.68164825439453,87.12088775634766,-0.2178516387939453,114.4974594116211,92.27731323242188,-7.088408470153809,116.68025207519531,94.46289825439453,-6.978168487548828,114.49746704101563,92.2787094116211,-0.0038061141967773439,116.681640625,94.46289825439453,-0.2178506851196289,158.91172790527345,94.46288299560547,-3.11226749420166,161.18234252929688,92.27869415283203,-3.4935903549194338,157.94915771484376,94.462890625,3.0297775268554689,160.00489807128907,92.27869415283203,4.019330978393555,161.1823272705078,89.30506134033203,-3.4935903549194338,158.91171264648438,87.12088012695313,-3.1122655868530275,160.00489807128907,89.30506134033203,4.0193328857421879,157.94912719726563,87.12088775634766,3.029783248901367,115.89948272705078,89.30506134033203,7.080812454223633,117.94670104980469,87.12088012695313,6.174671173095703,117.94670104980469,94.46288299560547,6.174671173095703,115.89947509765625,92.2787094116211,7.080812454223633,130.58547973632813,87.12088012695313,14.104818344116211,133.5482177734375,89.30506134033203,13.767465591430664,122.99359893798828,89.30506134033203,16.64828872680664,124.51499938964844,87.1208724975586,15.033000946044922,133.5482177734375,92.27870178222656,13.767465591430664,130.58547973632813,94.462890625,14.104818344116211,124.51499938964844,94.46289825439453,15.033000946044922,122.99359893798828,92.27871704101563,16.64828872680664,136.1424560546875,87.12088012695313,18.867549896240236,137.4027862548828,89.30506134033203,17.07110595703125,133.969970703125,87.12088775634766,21.203060150146486,133.12396240234376,89.30506134033203,23.25910186767578,141.77703857421876,89.32482147216797,19.54651641845703,143.17062377929688,89.34456634521485,22.350067138671876,141.12448120117188,87.12088012695313,21.61626434326172,140.9324951171875,87.12088775634766,22.63274383544922,143.07733154296876,89.30506134033203,23.079483032226564,140.66065979003907,89.30506134033203,24.806682586669923,136.1424560546875,94.46288299560547,18.867549896240236,137.40280151367188,92.2787094116211,17.07110595703125,141.12448120117188,94.462890625,21.61626434326172,143.17276000976563,92.25895690917969,22.33338165283203,141.77703857421876,92.25896453857422,19.54651641845703,133.12399291992188,92.27870178222656,23.25910186767578,133.969970703125,94.46288299560547,21.20306396484375,140.66067504882813,92.2787094116211,24.806682586669923,143.08837890625,92.19158935546875,22.99307632446289,140.9324951171875,94.46289825439453,22.632747650146486]},
    "influences": [{
            "pivot": [3.9257200000000016, 90.78179999999999, 0.6102520000000011],
            "path": "|Root|Hip|Spine|Neck|LeftShoulder",
            "index": 11,
            "labelText": "",
            "labelSide": 0
        }, {
            "pivot": [79.09825228591076, 90.78180804010167, 0.6102444986795645],
            "path": "|Root|Hip|Spine|Neck|LeftShoulder|LeftArm",
            "index": 12,
            "labelText": "",
            "labelSide": 0
        }, {
            "pivot": [114.49747578366574, 90.78180804010168, -0.0035695013204596877],
            "path": "|Root|Hip|Spine|Neck|LeftShoulder|LeftArm|LeftHand",
            "index": 13,
            "labelText": "",
            "labelSide": 0
        }, {
            "pivot": [135.3556757836657, 90.78180804010168, -0.003569501320379503],
            "path": "|Root|Hip|Spine|Neck|LeftShoulder|LeftArm|LeftHand|LeftHand_Mid",
            "index": 14,
            "labelText": "",
            "labelSide": 0
        }, {
            "pivot": [161.18277578366574, 90.78180804010172, -0.003569501320369417],
            "path": "|Root|Hip|Spine|Neck|LeftShoulder|LeftArm|LeftHand|LeftHand_Mid|LeftHand_End",
            "index": 15,
            "labelText": "",
            "labelSide": 0
        }],
    "layers": [{
            "id": 1,
            "name": "Base weights",
            "enabled": true,
            "opacity": 1.0,
            "index": 0,
            "paintTarget": null,
            "paintTargets": [],
            "parentId": null,
            "children": [],
            "effects": {
                "mirrorMask": false,
                "mirrorWeights": false,
                "mirrorDq": false,
                "mirrorDirection": 1
            },