{
    "mesh":{"triangles":[7,17,6,6,17,16,7,6,8,8,6,9,8,9,35,35,9,34,10,11,14,14,11,15,10,12,11,11,12,13,12,38,13,13,38,39,14,15,83,83,15,82,17,84,16,16,84,85,19,18,25,25,18,24,20,21,58,58,21,59,21,20,92,92,20,91,23,45,22,22,45,44,24,42,25,25,42,43,27,55,26,26,55,54,26,89,27,27,89,90,28,29,48,48,29,49,31,32,30,30,32,33,33,32,47,47,32,46,34,37,35,35,37,36,37,51,36,36,51,50,39,38,41,41,38,40,41,40,52,52,40,53,43,42,45,45,42,44,46,48,47,47,48,49,50,51,56,56,51,57,53,61,52,52,61,60,54,55,62,62,55,63,57,64,56,56,64,65,59,66,58,58,66,67,60,61,73,73,61,72,63,68,62,62,68,69,64,74,65,65,74,75,67,66,71,71,66,70,79,71,70,72,76,73,73,76,77,7,8,10,10,8,12,13,4,11,11,4,15,19,25,31,31,25,32,16,5,6,6,5,9,17,7,14,14,7,10,15,4,82,82,4,95,20,27,91,91,27,90,86,5,85,85,5,16,17,14,84,84,14,83,38,35,40,40,35,36,39,41,0,0,41,2,93,94,2,2,94,0,46,43,48,48,43,45,88,3,87,87,3,1,34,1,37,37,1,3,40,36,53,53,36,50,41,52,2,2,52,21,93,2,92,92,2,21,48,45,28,28,45,23,26,3,89,89,3,88,37,3,51,51,3,26,12,8,38,38,8,35,4,13,0,0,13,39,94,95,0,0,95,4,32,25,46,46,25,43,87,1,86,86,1,5,5,1,9,9,1,34,51,26,57,57,26,54,20,58,27,27,58,55,52,60,21,21,60,59,53,50,61,61,50,56,57,54,64,64,54,62,55,58,63,63,58,67,60,73,59,59,73,66,61,56,72,72,56,65,64,62,74,74,62,69,65,75,72,72,75,76,73,77,66,66,77,70,63,67,68,68,67,71,77,78,70,70,78,79,76,78,77,75,74,81,80,81,69,69,81,74,69,68,80,68,71,80,80,71,79,78,81,79,79,81,80,75,81,76,76,81,78,82,18,83,83,18,19,84,83,31,31,83,19,85,84,30,30,84,31,33,86,30,30,86,85,47,87,33,33,87,86,88,87,49,49,87,47,89,88,29,29,88,49,89,29,90,90,29,28,91,90,23,23,90,28,92,91,22,22,91,23,44,93,22,22,93,92,42,94,44,44,94,93,95,94,24,24,94,42,82,95,18,18,95,24],"vertPositions":[-135.06253051757813,87.12086486816406,-6.065404891967773,-135.06253051757813,94.46289825439453,-6.065404891967773,-135.06253051757813,87.12086486816406,3.034067153930664,-135.06253051757813,94.46289825439453,3.034067153930664,-135.06253051757813,87.12086486816406,-15.164884567260743,-135.06253051757813,94.46289825439453,-15.164884567260743,-120.27791595458985,94.46288299560547,-18.7218074798584,-119.09696960449219,92.51897430419922,-20.437725067138673,-114.80673217773438,92.51897430419922,-14.173014640808106,-116.75064086914063,94.462890625,-13.571191787719727,-119.09696960449219,89.0647964477539,-20.437725067138673,-120.27791595458985,87.12088012695313,-18.721805572509767,-114.80673217773438,89.0647964477539,-14.173014640808106,-116.75064086914063,87.1208724975586,-13.57119369506836,-135.06253051757813,89.06478118896485,-24.26435661315918,-135.0181884765625,87.12086486816406,-22.2547607421875,-135.0181884765625,94.462890625,-22.2547607421875,-135.06253051757813,92.51897430419922,-24.26435661315918,-149.89218139648438,87.1208724975586,-17.98788070678711,-151.01609802246095,89.0647964477539,-19.687780380249025,-135.06253051757813,89.06478118896485,12.133539199829102,-133.99085998535157,87.1208724975586,10.311565399169922,-154.30882263183595,87.1208724975586,7.695472717285156,-155.26187133789063,89.0647964477539,9.532718658447266,-154.81158447265626,87.12088775634766,-11.926697731018067,-156.43984985351563,89.0647964477539,-13.005186080932618,-132.41683959960938,94.89472961425781,10.545112609863282,-135.06253051757813,92.51897430419922,12.133539199829102,-155.26187133789063,92.51896667480469,9.532718658447266,-154.30880737304688,94.462890625,7.695476531982422,-149.89218139648438,94.46288299560547,-17.987882614135743,-151.01609802246095,92.51896667480469,-19.687780380249025,-156.43984985351563,92.51897430419922,-13.005186080932618,-154.81158447265626,94.46288299560547,-11.92669677734375,-116.7494125366211,94.462890625,-6.990293502807617,-114.80673217773438,92.51773834228516,-7.088406562805176,-114.80673217773438,92.51897430419922,-0.003803253173828125,-116.75064086914063,94.462890625,-0.19430255889892579,-114.80673217773438,89.06603240966797,-7.088406562805176,-116.74940490722656,87.12088775634766,-6.990293502807617,-114.80673217773438,89.0647964477539,-0.003803253173828125,-116.75064086914063,87.1208724975586,-0.19430160522460938,-159.47079467773438,87.12088012695313,-3.1542139053344728,-161.49160766601563,89.0647964477539,-3.493589401245117,-158.48455810546876,87.12088012695313,3.1386337280273439,-160.3141632080078,89.06480407714844,4.01933479309082,-161.4916229248047,92.51898193359375,-3.493589401245117,-159.4707794189453,94.462890625,-3.1542234420776369,-160.31411743164063,92.51898956298828,4.019336700439453,-158.4844970703125,94.462890625,3.138643264770508,-116.208740234375,92.51897430419922,7.080810546875,-118.03076171875,94.462890625,6.274349212646484,-118.03076171875,87.1208724975586,6.274351119995117,-116.20875549316406,89.06478118896485,7.080810546875,-131.22067260742188,94.462890625,14.067703247070313,-133.6768798828125,92.59085845947266,13.736091613769532,-123.30287170410156,92.51898193359375,16.64828872680664,-124.65690612792969,94.46289825439453,15.210689544677735,-133.8574981689453,89.06478881835938,13.767461776733399,-131.2206573486328,87.12088012695313,14.067703247070313,-124.65691375732422,87.12088012695313,15.210691452026368,-123.30286407470703,89.0647964477539,16.64828872680664,-136.5903778076172,94.46287536621094,18.669925689697267,-137.71206665039063,92.51896667480469,17.071102142333986,-134.18618774414063,94.462890625,21.42923355102539,-133.43325805664063,92.51897430419922,23.259098052978517,-138.01129150390626,86.8136215209961,18.16684341430664,-137.71206665039063,89.06478118896485,17.071102142333986,-142.0921173095703,91.84220123291016,20.114238739013673,-143.23634338378907,93.25907135009766,22.49427032470703,-143.49044799804688,87.12088012695313,22.267669677734376,-142.30416870117188,89.10311126708985,19.669803619384767,-133.43325805664063,89.06478881835938,23.259098052978517,-134.18617248535157,87.1208724975586,21.42923355102539,-143.1027374267578,93.25906372070313,23.53893280029297,-143.42495727539063,91.9578628540039,24.638824462890626,-143.37704467773438,89.33236694335938,24.680767059326173,-143.3568115234375,87.12085723876953,23.312332153320314,-144.7006378173828,88.67579650878906,22.87799072265625,-144.83651733398438,88.62124633789063,21.831314086914064,-144.70494079589845,91.79995727539063,21.94866180419922,-144.57870483398438,91.62163543701172,22.986740112304689,-139.1259307861328,87.12086486816406,-21.076379776000978,-139.46841430664063,89.06478118896485,-23.00044822692871,-139.46841430664063,92.51897430419922,-23.00044822692871,-139.12591552734376,94.462890625,-21.07638168334961,-140.5166015625,94.46289825439453,-14.270597457885743,-141.80332946777345,94.46289825439453,-5.26142692565918,-141.53094482421876,94.46289825439453,3.062946319580078,-140.2962646484375,94.76923370361328,9.93060302734375,-140.64096069335938,92.51897430419922,11.415273666381836,-140.64096069335938,89.06478118896485,11.415273666381836,-139.60205078125,87.1208724975586,9.589082717895508,-141.53097534179688,87.1208724975586,3.0629444122314455,-141.8033447265625,87.1208724975586,-5.2614240646362309,-140.5166015625,87.1208724975586,-14.270597457885743]},
    "influences": [{
            "pivot": [-3.92573, 90.78180000000003, 0.6102520000000002],
            "path": "|Root|Hip|Spine|Neck|RightShoulder",
            "index": 6,
            "labelText": "",
            "labelSide": 0
        }, {
            "pivot": [-79.09873000011955, 90.78189663532425, 0.613812317662101],
            "path": "|Root|Hip|Spine|Neck|RightShoulder|RightArm",
            "index": 7,
            "labelText": "",
            "labelSide": 0
        }, {
            "pivot": [-114.80672994156557, 90.7818966353243, -3.662892200180707e-7],
            "path": "|Root|Hip|Spine|Neck|RightShoulder|RightArm|RightHand",
            "index": 8,
            "labelText": "",
            "labelSide": 0
        }, {
            "pivot": [-135.6649299415656, 90.7818966353243, -3.662891408519932e-7],
            "path": "|Root|Hip|Spine|Neck|RightShoulder|RightArm|RightHand|RightHand_Mid",
            "index": 9,
            "labelText": "",