{
    "mesh":{"triangles":[2,5,3,3,5,4,5,7,4,4,7,6,6,7,8,8,7,9,8,9,10,10,9,11,10,11,12,12,11,13,12,13,14,14,13,15,14,15,16,16,15,17,17,19,16,16,19,18,19,21,18,18,21,20,20,21,22,22,21,23,25,24,27,27,24,26,27,26,29,29,26,28,28,30,29,29,30,31,31,30,33,33,30,32,33,32,35,35,32,34,35,34,37,37,34,36,37,36,39,39,36,38,39,38,41,41,38,40,41,40,43,43,40,42,42,45,43,43,45,44,3,4,24,24,4,26,4,6,26,26,6,28,6,8,28,28,8,30,8,10,30,30,10,32,10,12,32,32,12,34,12,14,34,34,14,36,14,16,36,36,16,38,16,18,38,38,18,40,18,20,40,40,20,42,20,22,42,42,22,45,5,2,0,7,5,0,9,7,0,11,9,0,13,11,0,15,13,0,17,15,0,19,17,0,21,19,0,23,21,0,25,27,1,27,29,1,29,31,1,31,33,1,33,35,1,35,37,1,37,39,1,39,41,1,41,43,1,43,44,1],"vertPositions":[-52.346683502197269,142.8776397705078,-6.892943859100342,-51.54347610473633,143.7604522705078,3.788330554962158,-53.43346405029297,155.88291931152345,-7.886114120483398,-53.457252502441409,158.79098510742188,-5.421289443969727,-60.169044494628909,159.04489135742188,-4.937563419342041,-59.8525276184082,156.12574768066407,-7.423485279083252,-65.58422088623047,156.72169494628907,-4.338338375091553,-64.05178833007813,154.32420349121095,-6.958809852600098,-69.11324310302735,151.93060302734376,-3.676976203918457,-66.90217590332031,150.45443725585938,-6.424627780914307,-70.98138427734375,146.2749481201172,-3.0690529346466066,-68.50476837158203,145.60272216796876,-5.903118133544922,-71.00577545166016,140.30833435058595,-2.57407546043396,-68.52569580078125,140.48423767089845,-5.478499889373779,-69.18402862548828,134.61483764648438,-2.240495443344116,-66.96289825439453,135.6000518798828,-5.1923370361328129,-65.6944808959961,129.7517547607422,-2.1009650230407717,-63.96937942504883,131.42823791503907,-5.072641372680664,-60.87869644165039,126.19513702392578,-2.1691462993621828,-60.034976959228519,128.52255249023438,-5.128343105316162,-55.77880096435547,125.42745208740235,-2.4891979694366457,-56.31556701660156,127.96267700195313,-5.361761093139648,-50.83455276489258,127.40567779541016,-3.0244975090026857,-51.26905059814453,129.9818115234375,-5.908132076263428,-53.055606842041019,159.232421875,-0.08011642843484879,-52.63025665283203,156.76573181152345,2.7951600551605226,-59.76740264892578,159.486328125,0.403609961271286,-59.049320220947269,157.00856018066407,3.257789373397827,-65.18257141113281,157.1631317138672,1.0028349161148072,-63.24856948852539,155.20701599121095,3.7224643230438234,-68.71159362792969,152.37203979492188,1.6641970872879029,-66.09896087646485,151.33724975585938,4.256647109985352,-70.57974243164063,146.7163848876953,2.272120237350464,-67.7015609741211,146.48553466796876,4.778156757354736,-70.60413360595703,140.74977111816407,2.7670974731445314,-67.72248077392578,141.36705017089845,5.202774524688721,-68.78238677978516,135.0562744140625,3.100677490234375,-66.1596908569336,136.4828643798828,5.4889373779296879,-65.29283905029297,130.19320678710938,3.240208148956299,-63.16617202758789,132.31106567382813,5.608633041381836,-60.47705078125,126.63658905029297,3.172027111053467,-59.23176193237305,129.40536499023438,5.552931308746338,-55.377159118652347,125.86891174316406,2.851975202560425,-55.512359619140628,128.84548950195313,5.319513320922852,-50.465843200683597,130.8646240234375,4.773142337799072,-50.43291091918945,127.84712982177735,2.3166756629943849]},
    "influences": [{
            "pivot": [-0.0000030670089182037768, 67.86723471657347, 4.0389678347315773e-28],
            "path": "|Root|Hip|Spine",
            "index": 2,
            "labelText": "",
            "labelSide": 0
        }, {
            "pivot": [-0.0000037667826272934016, 93.35234476419869, 1.355633055110457e-21],
            "path": "|Root|Hip|Spine|Neck",
            "index": 3,
            "labelText": "",
            "labelSide": 0
        }, {
            "pivot": [-0.0000037667826272934029, 141.2828816690337, 1.0097419586828946e-28],
            "path": "|Root|Hip|Spine|Neck|Head",
            "index": 4,
            "labelText": "",
            "labelSide": 0
        }, {
            "pivot": [-0.000003842620469260689, 189.89522319445846, -2.3849830627441395],
            "path": "|Root|Hip|Spine|Neck|Head|HeadTop_End",
            "index": 5,
            "labelText": "",
            "labelSide": 0
        }, {
            "pivot": [-3.92573, 90.78180000000003, 0.6102520000000002],
            "path": "|Root|Hip|Spine|Neck|RightShoulder",
            "index": 6,
            "labelText": "",
            "labelSide": 0
        }, {
            "pivot": [-79.09873000011955, 90.78189663532425, 0.613812317662101],
            "path": "|Root|Hip|Spine|Neck|RightShoulder|RightArm",
            "index": 7,
            "labelText": "",
            "labelSide": 0
        }, {
            "pivot": [-114.80672994156557, 90.7818966353243, -3.662892200180707e-7],
            "path": "|Root|Hip|Spine|Neck|RightShoulder|RightArm|RightHand",
            "index": 8,
            "labelText": "",
            "labelSide": 0
        }],
    "layers": [{
            "id": 1,
            "name": "Base weights",
            "enabled": true,
            "opacity": 1.0,
            "index": 0,
            "paintTarget": null,
            "paintTargets": [],
            "parentId": null,
            "children": [],
            "effects": {
                "mirrorMask": false,
                "mirrorWeights": false,
                "mirrorDq": false,
                "mirrorDirection": 1
            },
            "influences": {
                "3": [1.0, 1.0, 1.0, 1.0, 1.0, 1.0, 1.0, 1.0, 1.0, 1.0, 1.0, 1.0, 1.0, 1.0, 1.0, 1.0, 1.0, 1.0, 1.0, 1.0, 1.0, 1.0, 1.0, 1.0, 1.0, 1.0, 1.0, 1.0, 1.0, 1.0, 1.0, 1.0, 1.0, 1.0, 1.0, 1.0, 1.0, 1.0, 1.0, 1.0, 1.0, 1.0, 1.0, 1.0, 1.0, 1.0]
            }
        }]
}