{
    "mesh":{"triangles":[0,24,2,2,24,25,25,26,2,2,26,4,8,27,11,11,27,28,6,29,0,0,29,24,35,34,37,37,34,36,6,0,4,4,0,2,4,26,8,8,26,27,5,7,9,9,7,10,28,29,11,11,29,6,6,4,11,11,4,8,13,12,19,19,12,18,13,19,14,14,19,20,15,14,21,21,14,20,16,15,22,22,15,21,23,17,22,22,17,16,12,17,18,18,17,23,19,18,3,3,18,1,19,3,20,20,3,5,21,20,9,9,20,5,22,21,10,10,21,9,7,23,10,10,23,22,18,23,1,1,23,7,25,24,13,13,24,12,25,13,26,26,13,14,26,14,27,27,14,15,28,27,16,16,27,15,16,17,28,28,17,29,24,29,12,12,29,17,7,30,1,1,30,31,7,5,30,30,5,32,5,3,32,3,33,32,3,1,33,33,1,31,31,30,39,39,30,38,30,32,38,38,32,41,33,40,32,32,40,41,33,31,40,40,31,39,39,38,35,35,38,34,40,39,37,37,39,35,40,37,41,41,37,36,38,41,34,34,41,36],"vertPositions":[73.58837127685547,53.2414436340332,-19.005380630493165,73.58836364746094,56.129703521728519,8.513161659240723,80.93038177490235,53.2414436340332,-19.005380630493165,80.93037414550781,56.129703521728519,8.513161659240723,80.93038177490235,37.275882720947269,-22.832006454467775,80.93038177490235,37.275882720947269,13.565889358520508,73.58837127685547,37.275882720947269,-22.832006454467775,73.58837127685547,37.275882720947269,13.565889358520508,80.93038177490235,21.32229995727539,-18.255434036254884,80.93038177490235,17.0765323638916,10.965065956115723,73.58837127685547,17.076534271240236,10.965065956115723,73.58837127685547,21.32230567932129,-18.255434036254884,73.58836364746094,57.53167724609375,-5.656058311462402,80.93038177490235,57.53167724609375,-5.656058311462402,80.93038177490235,37.275882720947269,-4.633058547973633,80.93037414550781,10.846790313720704,-2.0612387657165529,73.58836364746094,10.846792221069336,-2.0612387657165529,73.58836364746094,37.275882720947269,-4.633058547973633,73.58836364746094,57.53167724609375,1.4285441637039185,80.93038177490235,57.53167724609375,1.4285441637039185,80.93037414550781,37.275882720947269,4.466416835784912,80.93037414550781,12.02423095703125,5.451685905456543,73.58837127685547,12.024232864379883,5.451685905456543,73.58837127685547,37.275882720947269,4.466416835784912,73.58837127685547,57.53167724609375,-12.740666389465332,80.93038177490235,57.53167724609375,-12.740666389465332,80.93038177490235,37.275882720947269,-13.73253059387207,80.93037414550781,15.898551940917969,-11.572829246520996,73.58836364746094,15.898555755615235,-11.572829246520996,73.58837127685547,37.275882720947269,-13.73253059387207,73.58837127685547,38.48094940185547,15.19981575012207,73.58837127685547,49.035614013671878,18.080636978149415,80.93038177490235,38.48094940185547,15.19981575012207,80.93038177490235,49.03561782836914,18.080636978149415,73.58837127685547,28.618114471435548,21.903505325317384,73.58836364746094,29.22899627685547,26.678369522094728,80.93038177490235,28.61811065673828,21.903505325317384,80.93037414550781,29.22899627685547,26.678369522094728,73.58837127685547,34.626346588134769,18.503456115722658,73.58836364746094,38.905094146728519,24.69145393371582,80.93037414550781,38.905094146728519,24.69145393371582,80.93038177490235,34.626346588134769,18.503456115722658]},
    "influences": [{
            "pivot": [3.925728688975069, 90.78179979324341, 0.6102520171221024],
            "path": "|Root|Hip|Spine|Neck|LeftShoulder",
            "index": 9,
            "labelText": "",
            "labelSide": 0
        }, {
            "pivot": [79.09825981690504, 90.78180783334509, 0.6102445158017835],
            "path": "|Root|Hip|Spine|Neck|LeftShoulder|LeftArm",
            "index": 10,
            "labelText": "",
            "labelSide": 0
        }, {
            "pivot": [114.49748304695172, 90.78180783330142, -0.003569492027108012],
            "path": "|Root|Hip|Spine|Neck|LeftShoulder|LeftArm|LeftHand",
            "index": 11,
            "labelText": "",
            "labelSide": 0
        }, {
            "pivot": [135.3556831201944, 90.78180783330144, -0.0035694920269080745],
            "path": "|Root|Hip|Spine|Neck|LeftShoulder|LeftArm|LeftHand|LeftHand_Mid",
            "index": 12,
            "labelText": "",
            "labelSide": 0
        }, {
            "pivot": [161.18278387397926, 90.78180783330146, -0.0035694920268171837],
            "path": "|Root|Hip|Spine|Neck|LeftShoulder|LeftArm|LeftHand|LeftHand_Mid|LeftHand_End",
            "index": 13,
            "labelText": "",
            "labelSide": 0
        }],
    "layers": [{
            "id": 1,
            "name": "Base weights",
            "enabled": true,
            "opacity": 1.0,
            "index": 0,
            "paintTarget": null,
            "paintTargets": [],
            "parentId": null,
            "children": [],
            "effects": {
                "mirrorMask": false,
                "mirrorWeights": false,
                "mirrorDq": false,
                "mirrorDirection": 1
            },
            "influences": {
                "11": [1.0, 1.0, 1.0, 1.0, 1.0, 1.0, 1.0, 1.0, 0.0, 0.0, 0.0, 0.0, 1.0, 1.0, 1.0, 0.0, 0.0, 1.0, 1.0, 1.0, 1.0, 0.0, 0.0, 1.0, 1.0, 1.0, 1.0, 0.0, 0.0, 1.0, 1.0, 1.0, 1.0, 1.0, 1.0, 1.0, 1.0, 1.0, 1.0, 1.0, 1.0, 1.0],
                "12": [0.0, 0.0, 0.0, 0.0, 0.0, 0.0, 0.0, 0.0, 1.0, 1.0, 1.0, 1.0, 0.0, 0.0, 0.0, 1.0, 1.0, 0.0, 0.0, 0.0, 0.0, 1.0, 1.0, 0.0, 0.0, 0.0, 0.0, 1.0, 1.0, 0.0, 0.0, 0.0, 0.0, 0.0, 0.0, 0.0, 0.0, 0.0, 0.0, 0.0, 0.0, 0.0]
            }
        }]
}