{
    "mesh":{"triangles":[0,24,2,2,24,25,25,26,2,2,26,4,8,27,11,11,27,28,6,29,0,0,29,24,35,34,37,37,34,36,6,0,4,4,0,2,4,26,8,8,26,27,5,7,9,9,7,10,28,29,11,11,29,6,6,4,11,11,4,8,13,12,19,19,12,18,13,19,14,14,19,20,15,14,21,21,14,20,16,15,22,22,15,21,23,17,22,22,17,16,12,17,18,18,17,23,19,18,3,3,18,1,19,3,20,20,3,5,21,20,9,9,20,5,22,21,10,10,21,9,7,23,10,10,23,22,18,23,1,1,23,7,25,24,13,13,24,12,25,13,26,26,13,14,26,14,27,27,14,15,28,27,16,16,27,15,16,17,28,28,17,29,24,29,12,12,29,17,7,30,1,1,30,31,7,5,30,30,5,32,5,3,32,3,33,32,3,1,33,33,1,31,31,30,39,39,30,38,30,32,38,38,32,41,33,40,32,32,40,41,33,31,40,40,31,39,39,38,35,35,38,34,40,39,37,37,39,35,40,37,41,41,37,36,38,41,34,34,41,36],"vertPositions":[-83.00804138183594,53.24144744873047,-19.005413055419923,-83.0080337524414,56.12969207763672,8.513158798217774,-75.66603088378906,53.24144744873047,-19.005420684814454,-75.66602325439453,56.12969207763672,8.513158798217774,-75.66603088378906,37.275882720947269,-22.83200454711914,-75.66603088378906,37.275882720947269,13.565890312194825,-83.00804138183594,37.275882720947269,-22.83200454711914,-83.00804138183594,37.275882720947269,13.565890312194825,-75.6660385131836,21.32229995727539,-18.255428314208986,-75.66603088378906,17.0765323638916,10.965067863464356,-83.00804138183594,17.076534271240236,10.965067863464356,-83.00804901123047,21.32230567932129,-18.255428314208986,-83.00804138183594,57.53167724609375,-5.6560564041137699,-75.66603088378906,57.53167724609375,-5.6560564041137699,-75.66603088378906,37.275882720947269,-4.633053779602051,-75.6660385131836,10.846790313720704,-2.06123685836792,-83.00804901123047,10.846792221069336,-2.06123685836792,-83.00804138183594,37.275882720947269,-4.633053779602051,-83.00804138183594,57.53167724609375,1.4285460710525513,-75.66603088378906,57.53167724609375,1.4285460710525513,-75.66603088378906,37.275882720947269,4.466418266296387,-75.66603088378906,12.02423095703125,5.451687812805176,-83.00804138183594,12.024232864379883,5.451687812805176,-83.00804138183594,37.275882720947269,4.466418266296387,-83.00804138183594,57.53167724609375,-12.740666389465332,-75.66603088378906,57.53167724609375,-12.740666389465332,-75.66603088378906,37.275882720947269,-13.732532501220704,-75.6660385131836,15.898551940917969,-11.572834968566895,-83.00804901123047,15.898555755615235,-11.572834968566895,-83.00804138183594,37.275882720947269,-13.732532501220704,-83.00804138183594,38.48093795776367,15.199897766113282,-83.00804138183594,49.03559494018555,18.080699920654298,-75.66603088378906,38.48093795776367,15.199897766113282,-75.66603088378906,49.03559494018555,18.080699920654298,-83.00804138183594,28.61812973022461,21.90350341796875,-83.00804901123047,29.22896957397461,26.67819595336914,-75.66603088378906,28.618133544921876,21.90350341796875,-75.6660385131836,29.22896957397461,26.67819595336914,-83.00804138183594,34.62635803222656,18.503585815429689,-83.00804901123047,38.905113220214847,24.691375732421876,-75.6660385131836,38.905113220214847,24.691375732421876,-75.66603088378906,34.62635803222656,18.503585815429689]},
    "influences": [{
            "pivot": [-3.9257212774555985, 90.78179979324342, 0.6102520283644236],
            "path": "|Root|Hip|Spine|Neck|RightShoulder",
            "index": 4,
            "labelText": "",
            "labelSide": 0
        }, {
            "pivot": [-79.0987177985712, 90.78189642856826, 0.6138123460491892],
            "path": "|Root|Hip|Spine|Neck|RightShoulder|RightArm",
            "index": 5,
            "labelText": "",
            "labelSide": 0
        }, {
            "pivot": [-114.80671792312265, 90.78189642784291, -3.343305147940515e-7],
            "path": "|Root|Hip|Spine|Neck|RightShoulder|RightArm|RightHand",
            "index": 6,
            "labelText": "",
            "labelSide": 0
        }, {
            "pivot": [-135.66491799636487, 90.7818964278429, -3.34330418769482e-7],
            "path": "|Root|Hip|Spine|Neck|RightShoulder|RightArm|RightHand|RightHand_Mid",
            "index": 7,
            "labelText": "",
            "labelSide": 0
        }, {
            "pivot": [-161.49161057754163, 90.78189642784332, -3.343303906897459e-7],
            "path": "|Root|Hip|Spine|Neck|RightShoulder|RightArm|RightHand|RightHand_Mid|RightHand_End",
            "index": 8,
            "labelText": "",
            "labelSide": 0
        }],
    "layers": [{
            "id": 1,
            "name": "Base weights",
            "enabled": true,
            "opacity": 1.0,
            "index": 0,
            "paintTarget": null,
            "paintTargets": [],
            "parentId": null,
            "children": [],
            "effects": {
                "mirrorMask": false,
                "mirrorWeights": false,
                "mirrorDq": false,
                "mirrorDirection": 1
            },
            "influences": {
                "6": [1.0, 1.0, 1.0, 1.0, 1.0, 1.0, 1.0, 1.0, 0.0, 0.0, 0.0, 0.0, 1.0, 1.0, 1.0, 0.0, 0.0, 1.0, 1.0, 1.0, 1.0, 0.0, 0.0, 1.0, 1.0, 1.0, 1.0, 0.0, 0.0, 1.0, 1.0, 1.0, 1.0, 1.0, 1.0, 1.0, 1.0, 1.0, 1.0, 1.0, 1.0, 1.0],
                "7": [0.0, 0.0, 0.0, 0.0, 0.0, 0.0, 0.0, 0.0, 1.0, 1.0, 1.0, 1.0, 0.0, 0.0, 0.0, 1.0, 1.0, 0.0, 0.0, 0.0, 0.0, 1.0, 1.0, 0.0, 0.0, 0.0, 0.0, 1.0, 1.0, 0.0, 0.0, 0.0, 0.0, 0.0, 0.0, 0.0, 0.0, 0.0, 0.0, 0.0, 0.0, 0.0]
            }
        }]
}